{"cameraMode":{"drawMode":0,"name":"Shaded","section":"Shading Mode"},"sceneLighting":true,"audioPlay":false,"sceneViewState":{"m_AlwaysRefresh":false,"showFog":true,"showSkybox":true,"showFlares":true,"showImageEffects":true,"showParticleSystems":true,"showVisualEffectGraphs":true,"m_FxEnabled":true},"in2DMode":false,"pivot":{"x":251.99996948242188,"y":-2.772111415863037,"z":220.08924865722657},"rotation":{"x":0.009494321420788765,"y":0.9838869571685791,"z":-0.05496722832322121,"w":0.1698891967535019},"size":0.276431679725647,"orthographic":false}